{
  "created_at_utc": "2026-04-16T08:09:00.005949+00:00",
  "image_topic": "/usb_cam/image_raw",
  "marker_ids": [
    0,
    1
  ],
  "aruco_dict": "DICT_4X4_50",
  "open_summary": {
    "count": 10,
    "median_px": 513.1842651367188,
    "mean_px": 513.097412109375,
    "std_px": 0.5034273022767863,
    "min_px": 512.1982421875,
    "max_px": 513.961669921875
  },
  "closed_summary": {
    "count": 10,
    "median_px": 113.56620025634766,
    "mean_px": 113.25777587890624,
    "std_px": 0.6186391042246357,
    "min_px": 112.32124328613281,
    "max_px": 113.84913635253906
  },
  "fastumi_config_snippet": {
    "distances": {
      "marker_max": 513.1842651367188,
      "marker_min": 113.56620025634766,
      "gripper_max": 0.07
    }
  },
  "notes": [
    "FastUMI maps marker distance linearly from marker_min..marker_max to gripper_max.",
    "Use the medians as a robust starting point, then validate on real episodes.",
    "For calibration this script only accepts frames with BOTH markers visible."
  ]
}